﻿Name;Size;"First name";"Last name";Downloads;Date;Path
Sub1.csv;1199;Dorian;Daimer;1;"23.04.2019 14:18";Group_1/Sub1.csv
Sub2.csv;1203;Dorian;Daimer;0;"23.04.2019 14:18";Group_1/Sub2.csv
Sub3.csv;1102;Dorian;Daimer;0;"23.04.2019 14:18";Group_1/Sub3.csv
Sub4.csv;1201;Dorian;Daimer;1;"23.04.2019 14:18";Group_1/Sub4.csv
Sub5.csv;1207;Dorian;Daimer;0;"23.04.2019 14:18";Group_1/Sub5.csv
Sub6.csv;1202;Dorian;Daimer;0;"23.04.2019 14:19";Group_1/Sub6.csv
Sub7.csv;1100;Dorian;Daimer;0;"23.04.2019 14:19";Group_1/Sub7.csv
Sub8.csv;1095;Dorian;Daimer;0;"23.04.2019 14:19";Group_1/Sub8.csv
02001.csv;1396;Emilia;Arens;0;"24.04.2019 12:40";Group_2/02001.csv
02002.csv;1396;Emilia;Arens;0;"24.04.2019 12:40";Group_2/02002.csv
02003.csv;1396;Emilia;Arens;0;"24.04.2019 12:40";Group_2/02003.csv
02004.csv;1398;Emilia;Arens;0;"24.04.2019 12:40";Group_2/02004.csv
02005.csv;1405;Emilia;Arens;0;"24.04.2019 12:40";Group_2/02005.csv
02006.csv;1394;Emilia;Arens;0;"24.04.2019 12:40";Group_2/02006.csv
02007.csv;1396;Emilia;Arens;0;"24.04.2019 12:40";Group_2/02007.csv
02008.csv;1396;Emilia;Arens;0;"24.04.2019 12:40";Group_2/02008.csv
Sub13351004.csv;1804;Moritz;Bammel;0;"23.04.2019 14:18";Group_3/Sub13351004.csv
Sub15551504.csv;1802;Moritz;Bammel;0;"23.04.2019 14:18";Group_3/Sub15551504.csv
Sub201904131710.csv;2091;Moritz;Bammel;0;"23.04.2019 14:18";Group_3/Sub201904131710.csv
Sub201904150033.csv;2210;Moritz;Bammel;0;"23.04.2019 14:18";Group_3/Sub201904150033.csv
Sub201904150051.csv;2200;Moritz;Bammel;0;"23.04.2019 14:18";Group_3/Sub201904150051.csv
Sub21131504.csv;1802;Moritz;Bammel;0;"23.04.2019 14:18";Group_3/Sub21131504.csv
Sub21181504.csv;1800;Moritz;Bammel;0;"23.04.2019 14:18";Group_3/Sub21181504.csv
Sub22250904.csv;1796;Moritz;Bammel;0;"23.04.2019 14:18";Group_3/Sub22250904.csv
Sub0403.csv;1203;Sophia;Schulze-Weddige;0;"24.04.2019 11:43";Group_4/Sub0403.csv
Sub0404.csv;1203;Sophia;Schulze-Weddige;0;"24.04.2019 11:43";Group_4/Sub0404.csv
Sub0405.csv;1197;Sophia;Schulze-Weddige;0;"24.04.2019 11:43";Group_4/Sub0405.csv
Sub0406.csv;1199;Sophia;Schulze-Weddige;0;"24.04.2019 11:43";Group_4/Sub0406.csv
Sub0407.csv;1197;Sophia;Schulze-Weddige;0;"24.04.2019 11:43";Group_4/Sub0407.csv
Sub0408.csv;1203;Sophia;Schulze-Weddige;0;"24.04.2019 11:43";Group_4/Sub0408.csv
Sub0.csv;1102;Rosa;Großmann;0;"23.04.2019 14:27";Group_5/Sub0.csv
Sub0[1].csv;1098;Luisa;Seckinger;0;"24.04.2019 18:12";Group_5/Sub0[1].csv
Sub1.csv;1116;Rosa;Großmann;0;"23.04.2019 14:27";Group_5/Sub1.csv
Sub1[1].csv;1096;Luisa;Seckinger;0;"24.04.2019 18:12";Group_5/Sub1[1].csv
06001.csv;1098;Sarah;Neuhoff;1;"24.04.2019 18:45";Group_6/06001.csv
06002.csv;1097;Sarah;Neuhoff;1;"24.04.2019 18:45";Group_6/06002.csv
06003.csv;1205;Sarah;Neuhoff;0;"24.04.2019 18:45";Group_6/06003.csv
06004.csv;1198;Sarah;Neuhoff;0;"24.04.2019 18:45";Group_6/06004.csv
06005.csv;1096;Sarah;Neuhoff;0;"24.04.2019 18:45";Group_6/06005.csv
06006.csv;1096;Sarah;Neuhoff;0;"24.04.2019 18:45";Group_6/06006.csv
06007.csv;1197;Sarah;Neuhoff;0;"24.04.2019 18:45";Group_6/06007.csv
06008.csv;1204;Sarah;Neuhoff;0;"24.04.2019 18:45";Group_6/06008.csv
06009.csv;1206;Sarah;Neuhoff;0;"24.04.2019 18:45";Group_6/06009.csv
07001.csv;1110;Lara;Schmidt;1;"24.04.2019 19:11";Group_7/07001.csv
07002.csv;1096;Lara;Schmidt;0;"24.04.2019 19:11";Group_7/07002.csv
07003.csv;1092;Lara;Schmidt;0;"24.04.2019 19:11";Group_7/07003.csv
07004.csv;1099;Lara;Schmidt;0;"24.04.2019 19:11";Group_7/07004.csv
07005.csv;1098;Lara;Schmidt;0;"24.04.2019 19:11";Group_7/07005.csv
07006.csv;1090;Lara;Schmidt;0;"24.04.2019 19:11";Group_7/07006.csv
07007.csv;989;Lara;Schmidt;0;"24.04.2019 19:11";Group_7/07007.csv
07008.csv;1007;Lara;Schmidt;0;"24.04.2019 19:11";Group_7/07008.csv
Sub9001.csv;1318;Stefan;Balle;0;"23.04.2019 17:07";Group_9/Sub9001.csv
Sub9002.csv;1398;Stefan;Balle;0;"23.04.2019 17:07";Group_9/Sub9002.csv
Sub9003.csv;1395;Stefan;Balle;0;"23.04.2019 17:07";Group_9/Sub9003.csv
Sub9004.csv;1398;Stefan;Balle;0;"23.04.2019 17:07";Group_9/Sub9004.csv
Sub9005.csv;1395;Stefan;Balle;0;"23.04.2019 17:07";Group_9/Sub9005.csv
Sub9006.csv;1398;Stefan;Balle;0;"23.04.2019 17:07";Group_9/Sub9006.csv
Sub9007.csv;1398;Stefan;Balle;0;"23.04.2019 17:07";Group_9/Sub9007.csv
Sub9008.csv;1397;Stefan;Balle;0;"23.04.2019 17:07";Group_9/Sub9008.csv
Sub9009.csv;1396;Stefan;Balle;0;"23.04.2019 17:07";Group_9/Sub9009.csv
Sub9010.csv;1404;Stefan;Balle;0;"23.04.2019 17:07";Group_9/Sub9010.csv
Sub9011.csv;1400;Stefan;Balle;0;"23.04.2019 17:07";Group_9/Sub9011.csv
Sub9012.csv;1404;Stefan;Balle;0;"23.04.2019 17:07";Group_9/Sub9012.csv
Sub9013.csv;1402;Stefan;Balle;0;"23.04.2019 17:07";Group_9/Sub9013.csv
Sub9014.csv;1398;Stefan;Balle;0;"23.04.2019 17:07";Group_9/Sub9014.csv
Sub10001.csv;1205;Aaron;Limberg;1;"23.04.2019 23:05";Group_10/Sub10001.csv
Sub10002.csv;1200;Aaron;Limberg;1;"23.04.2019 23:05";Group_10/Sub10002.csv
Sub10003.csv;1202;Aaron;Limberg;0;"23.04.2019 23:05";Group_10/Sub10003.csv
Sub10004.csv;1200;Aaron;Limberg;0;"23.04.2019 23:05";Group_10/Sub10004.csv
Sub10005.csv;2503;Aaron;Limberg;0;"23.04.2019 23:05";Group_10/Sub10005.csv
Sub10006.csv;2502;Aaron;Limberg;0;"23.04.2019 23:05";Group_10/Sub10006.csv
Sub10007.csv;1104;Aaron;Limberg;0;"23.04.2019 23:05";Group_10/Sub10007.csv
Sub10008.csv;1100;Aaron;Limberg;0;"23.04.2019 23:05";Group_10/Sub10008.csv
Sub11001.csv;1393;Laura;Ritter;0;"24.04.2019 20:57";Group_11/Sub11001.csv
Sub11002.csv;1389;Laura;Ritter;0;"24.04.2019 20:57";Group_11/Sub11002.csv
Sub11003.csv;1267;Laura;Ritter;0;"24.04.2019 20:57";Group_11/Sub11003.csv
Sub11004.csv;1282;Laura;Ritter;0;"24.04.2019 20:57";Group_11/Sub11004.csv
Sub11005.csv;1284;Laura;Ritter;0;"24.04.2019 20:57";Group_11/Sub11005.csv
Sub11006.csv;1288;Laura;Ritter;0;"24.04.2019 20:57";Group_11/Sub11006.csv
